min,max,single,married_filing_jointly,married_filing_separately,head_of_household
0,5,0,0,0,0
5,15,1,1,1,1
15,25,2,2,2,2
25,50,4,4,4,4
50,75,6,6,6,6
75,100,9,9,9,9
100,125,11,11,11,11
125,150,14,14,14,14
150,175,16,16,16,16
175,200,19,19,19,19
200,225,21,21,21,21
225,250,24,24,24,24
250,275,26,26,26,26
275,300,29,29,29,29
300,325,31,31,31,31
325,350,34,34,34,34
350,375,36,36,36,36
375,400,39,39,39,39
400,425,41,41,41,41
425,450,44,44,44,44
450,475,46,46,46,46
475,500,49,49,49,49
500,525,51,51,51,51
525,550,54,54,54,54
550,575,56,56,56,56
575,600,59,59,59,59
600,625,61,61,61,61
625,650,64,64,64,64
650,675,66,66,66,66
675,700,69,69,69,69
700,725,71,71,71,71
725,750,74,74,74,74
750,775,76,76,76,76
775,800,79,79,79,79
800,825,81,81,81,81
825,850,84,84,84,84
850,875,86,86,86,86
875,900,89,89,89,89
900,925,91,91,91,91
925,950,94,94,94,94
950,975,96,96,96,96
975,1000,99,99,99,99
1000,1025,101,101,101,101
1025,1050,104,104,104,104
1050,1075,106,106,106,106
1075,1100,109,109,109,109
1100,1125,111,111,111,111
1125,1150,114,114,114,114
1150,1175,116,116,116,116
1175,1200,119,119,119,119
1200,1225,121,121,121,121
1225,1250,124,124,124,124
1250,1275,126,126,126,126
1275,1300,129,129,129,129
1300,1325,131,131,131,131
1325,1350,134,134,134,134
1350,1375,136,136,136,136
1375,1400,139,139,139,139
1400,1425,141,141,141,141
1425,1450,144,144,144,144
1450,1475,146,146,146,146
1475,1500,149,149,149,149
1500,1525,151,151,151,151
1525,1550,154,154,154,154
1550,1575,156,156,156,156
1575,1600,159,159,159,159
1600,1625,161,161,161,161
1625,1650,164,164,164,164
1650,1675,166,166,166,166
1675,1700,169,169,169,169
1700,1725,171,171,171,171
1725,1750,174,174,174,174
1750,1775,176,176,176,176
1775,1800,179,179,179,179
1800,1825,181,181,181,181
1825,1850,184,184,184,184
1850,1875,186,186,186,186
1875,1900,189,189,189,189
1900,1925,191,191,191,191
1925,1950,194,194,194,194
1950,1975,196,196,196,196
1975,2000,199,199,199,199
2000,2025,201,201,201,201
2025,2050,204,204,204,204
2050,2075,206,206,206,206
2075,2100,209,209,209,209
2100,2125,211,211,211,211
2125,2150,214,214,214,214
2150,2175,216,216,216,216
2175,2200,219,219,219,219
2200,2225,221,221,221,221
2225,2250,224,224,224,224
2250,2275,226,226,226,226
2275,2300,229,229,229,229
2300,2325,231,231,231,231
2325,2350,234,234,234,234
2350,2375,236,236,236,236
2375,2400,239,239,239,239
2400,2425,241,241,241,241
2425,2450,244,244,244,244
2450,2475,246,246,246,246
2475,2500,249,249,249,249
2500,2525,251,251,251,251
2525,2550,254,254,254,254
2550,2575,256,256,256,256
2575,2600,259,259,259,259
2600,2625,261,261,261,261
2625,2650,264,264,264,264
2650,2675,266,266,266,266
2675,2700,269,269,269,269
2700,2725,271,271,271,271
2725,2750,274,274,274,274
2750,2775,276,276,276,276
2775,2800,279,279,279,279
2800,2825,281,281,281,281
2825,2850,284,284,284,284
2850,2875,286,286,286,286
2875,2900,289,289,289,289
2900,2925,291,291,291,291
2925,2950,294,294,294,294
2950,2975,296,296,296,296
2975,3000,299,299,299,299
3000,3050,303,303,303,303
3050,3100,308,308,308,308
3100,3150,313,313,313,313
3150,3200,318,318,318,318
3200,3250,323,323,323,323
3250,3300,328,328,328,328
3300,3350,333,333,333,333
3350,3400,338,338,338,338
3400,3450,343,343,343,343
3450,3500,348,348,348,348
3500,3550,353,353,353,353
3550,3600,358,358,358,358
3600,3650,363,363,363,363
3650,3700,368,368,368,368
3700,3750,373,373,373,373
3750,3800,378,378,378,378
3800,3850,383,383,383,383
3850,3900,388,388,388,388
3900,3950,393,393,393,393
3950,4000,398,398,398,398
4000,4050,403,403,403,403
4050,4100,408,408,408,408
4100,4150,413,413,413,413
4150,4200,418,418,418,418
4200,4250,423,423,423,423
4250,4300,428,428,428,428
4300,4350,433,433,433,433
4350,4400,438,438,438,438
4400,4450,443,443,443,443
4450,4500,448,448,448,448
4500,4550,453,453,453,453
4550,4600,458,458,458,458
4600,4650,463,463,463,463
4650,4700,468,468,468,468
4700,4750,473,473,473,473
4750,4800,478,478,478,478
4800,4850,483,483,483,483
4850,4900,488,488,488,488
4900,4950,493,493,493,493
4950,5000,498,498,498,498
5000,5050,503,503,503,503
5050,5100,508,508,508,508
5100,5150,513,513,513,513
5150,5200,518,518,518,518
5200,5250,523,523,523,523
5250,5300,528,528,528,528
5300,5350,533,533,533,533
5350,5400,538,538,538,538
5400,5450,543,543,543,543
5450,5500,548,548,548,548
5500,5550,553,553,553,553
5550,5600,558,558,558,558
5600,5650,563,563,563,563
5650,5700,568,568,568,568
5700,5750,573,573,573,573
5750,5800,578,578,578,578
5800,5850,583,583,583,583
5850,5900,588,588,588,588
5900,5950,593,593,593,593
5950,6000,598,598,598,598
6000,6050,603,603,603,603
6050,6100,608,608,608,608
6100,6150,613,613,613,613
6150,6200,618,618,618,618
6200,6250,623,623,623,623
6250,6300,628,628,628,628
6300,6350,633,633,633,633
6350,6400,638,638,638,638
6400,6450,643,643,643,643
6450,6500,648,648,648,648
6500,6550,653,653,653,653
6550,6600,658,658,658,658
6600,6650,663,663,663,663
6650,6700,668,668,668,668
6700,6750,673,673,673,673
6750,6800,678,678,678,678
6800,6850,683,683,683,683
6850,6900,688,688,688,688
6900,6950,693,693,693,693
6950,7000,698,698,698,698
7000,7050,703,703,703,703
7050,7100,708,708,708,708
7100,7150,713,713,713,713
7150,7200,718,718,718,718
7200,7250,723,723,723,723
7250,7300,728,728,728,728
7300,7350,733,733,733,733
7350,7400,738,738,738,738
7400,7450,743,743,743,743
7450,7500,748,748,748,748
7500,7550,753,753,753,753
7550,7600,758,758,758,758
7600,7650,763,763,763,763
7650,7700,768,768,768,768
7700,7750,773,773,773,773
7750,7800,778,778,778,778
7800,7850,783,783,783,783
7850,7900,788,788,788,788
7900,7950,793,793,793,793
7950,8000,798,798,798,798
8000,8050,803,803,803,803
8050,8100,808,808,808,808
8100,8150,813,813,813,813
8150,8200,818,818,818,818
8200,8250,823,823,823,823
8250,8300,828,828,828,828
8300,8350,833,833,833,833
8350,8400,838,838,838,838
8400,8450,843,843,843,843
8450,8500,848,848,848,848
8500,8550,853,853,853,853
8550,8600,858,858,858,858
8600,8650,863,863,863,863
8650,8700,868,868,868,868
8700,8750,873,873,873,873
8750,8800,878,878,878,878
8800,8850,883,883,883,883
8850,8900,888,888,888,888
8900,8950,893,893,893,893
8950,9000,898,898,898,898
9000,9050,903,903,903,903
9050,9100,908,908,908,908
9100,9150,913,913,913,913
9150,9200,918,918,918,918
9200,9250,923,923,923,923
9250,9300,928,928,928,928
9300,9350,933,933,933,933
9350,9400,938,938,938,938
9400,9450,943,943,943,943
9450,9500,948,948,948,948
9500,9550,953,953,953,953
9550,9600,958,958,958,958
9600,9650,963,963,963,963
9650,9700,968,968,968,968
9700,9750,973,973,973,973
9750,9800,978,978,978,978
9800,9850,983,983,983,983
9850,9900,988,988,988,988
9900,9950,994,993,994,993
9950,10000,1000,998,1000,998
10000,10050,1006,1003,1006,1003
10050,10100,1012,1008,1012,1008
10100,10150,1018,1013,1018,1013
10150,10200,1024,1018,1024,1018
10200,10250,1030,1023,1030,1023
10250,10300,1036,1028,1036,1028
10300,10350,1042,1033,1042,1033
10350,10400,1048,1038,1048,1038
10400,10450,1054,1043,1054,1043
10450,10500,1060,1048,1060,1048
10500,10550,1066,1053,1066,1053
10550,10600,1072,1058,1072,1058
10600,10650,1078,1063,1078,1063
10650,10700,1084,1068,1084,1068
10700,10750,1090,1073,1090,1073
10750,10800,1096,1078,1096,1078
10800,10850,1102,1083,1102,1083
10850,10900,1108,1088,1108,1088
10900,10950,1114,1093,1114,1093
10950,11000,1120,1098,1120,1098
11000,11050,1126,1103,1126,1103
11050,11100,1132,1108,1132,1108
11100,11150,1138,1113,1138,1113
11150,11200,1144,1118,1144,1118
11200,11250,1150,1123,1150,1123
11250,11300,1156,1128,1156,1128
11300,11350,1162,1133,1162,1133
11350,11400,1168,1138,1168,1138
11400,11450,1174,1143,1174,1143
11450,11500,1180,1148,1180,1148
11500,11550,1186,1153,1186,1153
11550,11600,1192,1158,1192,1158
11600,11650,1198,1163,1198,1163
11650,11700,1204,1168,1204,1168
11700,11750,1210,1173,1210,1173
11750,11800,1216,1178,1216,1178
11800,11850,1222,1183,1222,1183
11850,11900,1228,1188,1228,1188
11900,11950,1234,1193,1234,1193
11950,12000,1240,1198,1240,1198
12000,12050,1246,1203,1246,1203
12050,12100,1252,1208,1252,1208
12100,12150,1258,1213,1258,1213
12150,12200,1264,1218,1264,1218
12200,12250,1270,1223,1270,1223
12250,12300,1276,1228,1276,1228
12300,12350,1282,1233,1282,1233
12350,12400,1288,1238,1288,1238
12400,12450,1294,1243,1294,1243
12450,12500,1300,1248,1300,1248
12500,12550,1306,1253,1306,1253
12550,12600,1312,1258,1312,1258
12600,12650,1318,1263,1318,1263
12650,12700,1324,1268,1324,1268
12700,12750,1330,1273,1330,1273
12750,12800,1336,1278,1336,1278
12800,12850,1342,1283,1342,1283
12850,12900,1348,1288,1348,1288
12900,12950,1354,1293,1354,1293
12950,13000,1360,1298,1360,1298
13000,13050,1366,1303,1366,1303
13050,13100,1372,1308,1372,1308
13100,13150,1378,1313,1378,1313
13150,13200,1384,1318,1384,1318
13200,13250,1390,1323,1390,1323
13250,13300,1396,1328,1396,1328
13300,13350,1402,1333,1402,1333
13350,13400,1408,1338,1408,1338
13400,13450,1414,1343,1414,1343
13450,13500,1420,1348,1420,1348
13500,13550,1426,1353,1426,1353
13550,13600,1432,1358,1432,1358
13600,13650,1438,1363,1438,1363
13650,13700,1444,1368,1444,1368
13700,13750,1450,1373,1450,1373
13750,13800,1456,1378,1456,1378
13800,13850,1462,1383,1462,1383
13850,13900,1468,1388,1468,1388
13900,13950,1474,1393,1474,1393
13950,14000,1480,1398,1480,1398
14000,14050,1486,1403,1486,1403
14050,14100,1492,1408,1492,1408
14100,14150,1498,1413,1498,1413
14150,14200,1504,1418,1504,1419
14200,14250,1510,1423,1510,1425
14250,14300,1516,1428,1516,1431
14300,14350,1522,1433,1522,1437
14350,14400,1528,1438,1528,1443
14400,14450,1534,1443,1534,1449
14450,14500,1540,1448,1540,1455
14500,14550,1546,1453,1546,1461
14550,14600,1552,1458,1552,1467
14600,14650,1558,1463,1558,1473
14650,14700,1564,1468,1564,1479
14700,14750,1570,1473,1570,1485
14750,14800,1576,1478,1576,1491
14800,14850,1582,1483,1582,1497
14850,14900,1588,1488,1588,1503
14900,14950,1594,1493,1594,1509
14950,15000,1600,1498,1600,1515
15000,15050,1606,1503,1606,1521
15050,15100,1612,1508,1612,1527
15100,15150,1618,1513,1618,1533
15150,15200,1624,1518,1624,1539
15200,15250,1630,1523,1630,1545
15250,15300,1636,1528,1636,1551
15300,15350,1642,1533,1642,1557
15350,15400,1648,1538,1648,1563
15400,15450,1654,1543,1654,1569
15450,15500,1660,1548,1660,1575
15500,15550,1666,1553,1666,1581
15550,15600,1672,1558,1672,1587
15600,15650,1678,1563,1678,1593
15650,15700,1684,1568,1684,1599
15700,15750,1690,1573,1690,1605
15750,15800,1696,1578,1696,1611
15800,15850,1702,1583,1702,1617
15850,15900,1708,1588,1708,1623
15900,15950,1714,1593,1714,1629
15950,16000,1720,1598,1720,1635
16000,16050,1726,1603,1726,1641
16050,16100,1732,1608,1732,1647
16100,16150,1738,1613,1738,1653
16150,16200,1744,1618,1744,1659
16200,16250,1750,1623,1750,1665
16250,16300,1756,1628,1756,1671
16300,16350,1762,1633,1762,1677
16350,16400,1768,1638,1768,1683
16400,16450,1774,1643,1774,1689
16450,16500,1780,1648,1780,1695
16500,16550,1786,1653,1786,1701
16550,16600,1792,1658,1792,1707
16600,16650,1798,1663,1798,1713
16650,16700,1804,1668,1804,1719
16700,16750,1810,1673,1810,1725
16750,16800,1816,1678,1816,1731
16800,16850,1822,1683,1822,1737
16850,16900,1828,1688,1828,1743
16900,16950,1834,1693,1834,1749
16950,17000,1840,1698,1840,1755
17000,17050,1846,1703,1846,1761
17050,17100,1852,1708,1852,1767
17100,17150,1858,1713,1858,1773
17150,17200,1864,1718,1864,1779
17200,17250,1870,1723,1870,1785
17250,17300,1876,1728,1876,1791
17300,17350,1882,1733,1882,1797
17350,17400,1888,1738,1888,1803
17400,17450,1894,1743,1894,1809
17450,17500,1900,1748,1900,1815
17500,17550,1906,1753,1906,1821
17550,17600,1912,1758,1912,1827
17600,17650,1918,1763,1918,1833
17650,17700,1924,1768,1924,1839
17700,17750,1930,1773,1930,1845
17750,17800,1936,1778,1936,1851
17800,17850,1942,1783,1942,1857
17850,17900,1948,1788,1948,1863
17900,17950,1954,1793,1954,1869
17950,18000,1960,1798,1960,1875
18000,18050,1966,1803,1966,1881
18050,18100,1972,1808,1972,1887
18100,18150,1978,1813,1978,1893
18150,18200,1984,1818,1984,1899
18200,18250,1990,1823,1990,1905
18250,18300,1996,1828,1996,1911
18300,18350,2002,1833,2002,1917
18350,18400,2008,1838,2008,1923
18400,18450,2014,1843,2014,1929
18450,18500,2020,1848,2020,1935
18500,18550,2026,1853,2026,1941
18550,18600,2032,1858,2032,1947
18600,18650,2038,1863,2038,1953
18650,18700,2044,1868,2044,1959
18700,18750,2050,1873,2050,1965
18750,18800,2056,1878,2056,1971
18800,18850,2062,1883,2062,1977
18850,18900,2068,1888,2068,1983
18900,18950,2074,1893,2074,1989
18950,19000,2080,1898,2080,1995
19000,19050,2086,1903,2086,2001
19050,19100,2092,1908,2092,2007
19100,19150,2098,1913,2098,2013
19150,19200,2104,1918,2104,2019
19200,19250,2110,1923,2110,2025
19250,19300,2116,1928,2116,2031
19300,19350,2122,1933,2122,2037
19350,19400,2128,1938,2128,2043
19400,19450,2134,1943,2134,2049
19450,19500,2140,1948,2140,2055
19500,19550,2146,1953,2146,2061
19550,19600,2152,1958,2152,2067
19600,19650,2158,1963,2158,2073
19650,19700,2164,1968,2164,2079
19700,19750,2170,1973,2170,2085
19750,19800,2176,1978,2176,2091
19800,19850,2182,1984,2182,2097
19850,19900,2188,1990,2188,2103
19900,19950,2194,1996,2194,2109
19950,20000,2200,2002,2200,2115
20000,20050,2206,2008,2206,2121
20050,20100,2212,2014,2212,2127
20100,20150,2218,2020,2218,2133
20150,20200,2224,2026,2224,2139
20200,20250,2230,2032,2230,2145
20250,20300,2236,2038,2236,2151
20300,20350,2242,2044,2242,2157
20350,20400,2248,2050,2248,2163
20400,20450,2254,2056,2254,2169
20450,20500,2260,2062,2260,2175
20500,20550,2266,2068,2266,2181
20550,20600,2272,2074,2272,2187
20600,20650,2278,2080,2278,2193
20650,20700,2284,2086,2284,2199
20700,20750,2290,2092,2290,2205
20750,20800,2296,2098,2296,2211
20800,20850,2302,2104,2302,2217
20850,20900,2308,2110,2308,2223
20900,20950,2314,2116,2314,2229
20950,21000,2320,2122,2320,2235
21000,21050,2326,2128,2326,2241
21050,21100,2332,2134,2332,2247
21100,21150,2338,2140,2338,2253
21150,21200,2344,2146,2344,2259
21200,21250,2350,2152,2350,2265
21250,21300,2356,2158,2356,2271
21300,21350,2362,2164,2362,2277
21350,21400,2368,2170,2368,2283
21400,21450,2374,2176,2374,2289
21450,21500,2380,2182,2380,2295
21500,21550,2386,2188,2386,2301
21550,21600,2392,2194,2392,2307
21600,21650,2398,2200,2398,2313
21650,21700,2404,2206,2404,2319
21700,21750,2410,2212,2410,2325
21750,21800,2416,2218,2416,2331
21800,21850,2422,2224,2422,2337
21850,21900,2428,2230,2428,2343
21900,21950,2434,2236,2434,2349
21950,22000,2440,2242,2440,2355
22000,22050,2446,2248,2446,2361
22050,22100,2452,2254,2452,2367
22100,22150,2458,2260,2458,2373
22150,22200,2464,2266,2464,2379
22200,22250,2470,2272,2470,2385
22250,22300,2476,2278,2476,2391
22300,22350,2482,2284,2482,2397
22350,22400,2488,2290,2488,2403
22400,22450,2494,2296,2494,2409
22450,22500,2500,2302,2500,2415
22500,22550,2506,2308,2506,2421
22550,22600,2512,2314,2512,2427
22600,22650,2518,2320,2518,2433
22650,22700,2524,2326,2524,2439
22700,22750,2530,2332,2530,2445
22750,22800,2536,2338,2536,2451
22800,22850,2542,2344,2542,2457
22850,22900,2548,2350,2548,2463
22900,22950,2554,2356,2554,2469
22950,23000,2560,2362,2560,2475
23000,23050,2566,2368,2566,2481
23050,23100,2572,2374,2572,2487
23100,23150,2578,2380,2578,2493
23150,23200,2584,2386,2584,2499
23200,23250,2590,2392,2590,2505
23250,23300,2596,2398,2596,2511
23300,23350,2602,2404,2602,2517
23350,23400,2608,2410,2608,2523
23400,23450,2614,2416,2614,2529
23450,23500,2620,2422,2620,2535
23500,23550,2626,2428,2626,2541
23550,23600,2632,2434,2632,2547
23600,23650,2638,2440,2638,2553
23650,23700,2644,2446,2644,2559
23700,23750,2650,2452,2650,2565
23750,23800,2656,2458,2656,2571
23800,23850,2662,2464,2662,2577
23850,23900,2668,2470,2668,2583
23900,23950,2674,2476,2674,2589
23950,24000,2680,2482,2680,2595
24000,24050,2686,2488,2686,2601
24050,24100,2692,2494,2692,2607
24100,24150,2698,2500,2698,2613
24150,24200,2704,2506,2704,2619
24200,24250,2710,2512,2710,2625
24250,24300,2716,2518,2716,2631
24300,24350,2722,2524,2722,2637
24350,24400,2728,2530,2728,2643
24400,24450,2734,2536,2734,2649
24450,24500,2740,2542,2740,2655
24500,24550,2746,2548,2746,2661
24550,24600,2752,2554,2752,2667
24600,24650,2758,2560,2758,2673
24650,24700,2764,2566,2764,2679
24700,24750,2770,2572,2770,2685
24750,24800,2776,2578,2776,2691
24800,24850,2782,2584,2782,2697
24850,24900,2788,2590,2788,2703
24900,24950,2794,2596,2794,2709
24950,25000,2800,2602,2800,2715
25000,25050,2806,2608,2806,2721
25050,25100,2812,2614,2812,2727
25100,25150,2818,2620,2818,2733
25150,25200,2824,2626,2824,2739
25200,25250,2830,2632,2830,2745
25250,25300,2836,2638,2836,2751
25300,25350,2842,2644,2842,2757
25350,25400,2848,2650,2848,2763
25400,25450,2854,2656,2854,2769
25450,25500,2860,2662,2860,2775
25500,25550,2866,2668,2866,2781
25550,25600,2872,2674,2872,2787
25600,25650,2878,2680,2878,2793
25650,25700,2884,2686,2884,2799
25700,25750,2890,2692,2890,2805
25750,25800,2896,2698,2896,2811
25800,25850,2902,2704,2902,2817
25850,25900,2908,2710,2908,2823
25900,25950,2914,2716,2914,2829
25950,26000,2920,2722,2920,2835
26000,26050,2926,2728,2926,2841
26050,26100,2932,2734,2932,2847
26100,26150,2938,2740,2938,2853
26150,26200,2944,2746,2944,2859
26200,26250,2950,2752,2950,2865
26250,26300,2956,2758,2956,2871
26300,26350,2962,2764,2962,2877
26350,26400,2968,2770,2968,2883
26400,26450,2974,2776,2974,2889
26450,26500,2980,2782,2980,2895
26500,26550,2986,2788,2986,2901
26550,26600,2992,2794,2992,2907
26600,26650,2998,2800,2998,2913
26650,26700,3004,2806,3004,2919
26700,26750,3010,2812,3010,2925
26750,26800,3016,2818,3016,2931
26800,26850,3022,2824,3022,2937
26850,26900,3028,2830,3028,2943
26900,26950,3034,2836,3034,2949
26950,27000,3040,2842,3040,2955
27000,27050,3046,2848,3046,2961
27050,27100,3052,2854,3052,2967
27100,27150,3058,2860,3058,2973
27150,27200,3064,2866,3064,2979
27200,27250,3070,2872,3070,2985
27250,27300,3076,2878,3076,2991
27300,27350,3082,2884,3082,2997
27350,27400,3088,2890,3088,3003
27400,27450,3094,2896,3094,3009
27450,27500,3100,2902,3100,3015
27500,27550,3106,2908,3106,3021
27550,27600,3112,2914,3112,3027
27600,27650,3118,2920,3118,3033
27650,27700,3124,2926,3124,3039
27700,27750,3130,2932,3130,3045
27750,27800,3136,2938,3136,3051
27800,27850,3142,2944,3142,3057
27850,27900,3148,2950,3148,3063
27900,27950,3154,2956,3154,3069
27950,28000,3160,2962,3160,3075
28000,28050,3166,2968,3166,3081
28050,28100,3172,2974,3172,3087
28100,28150,3178,2980,3178,3093
28150,28200,3184,2986,3184,3099
28200,28250,3190,2992,3190,3105
28250,28300,3196,2998,3196,3111
28300,28350,3202,3004,3202,3117
28350,28400,3208,3010,3208,3123
28400,28450,3214,3016,3214,3129
28450,28500,3220,3022,3220,3135
28500,28550,3226,3028,3226,3141
28550,28600,3232,3034,3232,3147
28600,28650,3238,3040,3238,3153
28650,28700,3244,3046,3244,3159
28700,28750,3250,3052,3250,3165
28750,28800,3256,3058,3256,3171
28800,28850,3262,3064,3262,3177
28850,28900,3268,3070,3268,3183
28900,28950,3274,3076,3274,3189
28950,29000,3280,3082,3280,3195
29000,29050,3286,3088,3286,3201
29050,29100,3292,3094,3292,3207
29100,29150,3298,3100,3298,3213
29150,29200,3304,3106,3304,3219
29200,29250,3310,3112,3310,3225
29250,29300,3316,3118,3316,3231
29300,29350,3322,3124,3322,3237
29350,29400,3328,3130,3328,3243
29400,29450,3334,3136,3334,3249
29450,29500,3340,3142,3340,3255
29500,29550,3346,3148,3346,3261
29550,29600,3352,3154,3352,3267
29600,29650,3358,3160,3358,3273
29650,29700,3364,3166,3364,3279
29700,29750,3370,3172,3370,3285
29750,29800,3376,3178,3376,3291
29800,29850,3382,3184,3382,3297
29850,29900,3388,3190,3388,3303
29900,29950,3394,3196,3394,3309
29950,30000,3400,3202,3400,3315
30000,30050,3406,3208,3406,3321
30050,30100,3412,3214,3412,3327
30100,30150,3418,3220,3418,3333
30150,30200,3424,3226,3424,3339
30200,30250,3430,3232,3430,3345
30250,30300,3436,3238,3436,3351
30300,30350,3442,3244,3442,3357
30350,30400,3448,3250,3448,3363
30400,30450,3454,3256,3454,3369
30450,30500,3460,3262,3460,3375
30500,30550,3466,3268,3466,3381
30550,30600,3472,3274,3472,3387
30600,30650,3478,3280,3478,3393
30650,30700,3484,3286,3484,3399
30700,30750,3490,3292,3490,3405
30750,30800,3496,3298,3496,3411
30800,30850,3502,3304,3502,3417
30850,30900,3508,3310,3508,3423
30900,30950,3514,3316,3514,3429
30950,31000,3520,3322,3520,3435
31000,31050,3526,3328,3526,3441
31050,31100,3532,3334,3532,3447
31100,31150,3538,3340,3538,3453
31150,31200,3544,3346,3544,3459
31200,31250,3550,3352,3550,3465
31250,31300,3556,3358,3556,3471
31300,31350,3562,3364,3562,3477
31350,31400,3568,3370,3568,3483
31400,31450,3574,3376,3574,3489
31450,31500,3580,3382,3580,3495
31500,31550,3586,3388,3586,3501
31550,31600,3592,3394,3592,3507
31600,31650,3598,3400,3598,3513
31650,31700,3604,3406,3604,3519
31700,31750,3610,3412,3610,3525
31750,31800,3616,3418,3616,3531
31800,31850,3622,3424,3622,3537
31850,31900,3628,3430,3628,3543
31900,31950,3634,3436,3634,3549
31950,32000,3640,3442,3640,3555
32000,32050,3646,3448,3646,3561
32050,32100,3652,3454,3652,3567
32100,32150,3658,3460,3658,3573
32150,32200,3664,3466,3664,3579
32200,32250,3670,3472,3670,3585
32250,32300,3676,3478,3676,3591
32300,32350,3682,3484,3682,3597
32350,32400,3688,3490,3688,3603
32400,32450,3694,3496,3694,3609
32450,32500,3700,3502,3700,3615
32500,32550,3706,3508,3706,3621
32550,32600,3712,3514,3712,3627
32600,32650,3718,3520,3718,3633
32650,32700,3724,3526,3724,3639
32700,32750,3730,3532,3730,3645
32750,32800,3736,3538,3736,3651
32800,32850,3742,3544,3742,3657
32850,32900,3748,3550,3748,3663
32900,32950,3754,3556,3754,3669
32950,33000,3760,3562,3760,3675
33000,33050,3766,3568,3766,3681
33050,33100,3772,3574,3772,3687
33100,33150,3778,3580,3778,3693
33150,33200,3784,3586,3784,3699
33200,33250,3790,3592,3790,3705
33250,33300,3796,3598,3796,3711
33300,33350,3802,3604,3802,3717
33350,33400,3808,3610,3808,3723
33400,33450,3814,3616,3814,3729
33450,33500,3820,3622,3820,3735
33500,33550,3826,3628,3826,3741
33550,33600,3832,3634,3832,3747
33600,33650,3838,3640,3838,3753
33650,33700,3844,3646,3844,3759
33700,33750,3850,3652,3850,3765
33750,33800,3856,3658,3856,3771
33800,33850,3862,3664,3862,3777
33850,33900,3868,3670,3868,3783
33900,33950,3874,3676,3874,3789
33950,34000,3880,3682,3880,3795
34000,34050,3886,3688,3886,3801
34050,34100,3892,3694,3892,3807
34100,34150,3898,3700,3898,3813
34150,34200,3904,3706,3904,3819
34200,34250,3910,3712,3910,3825
34250,34300,3916,3718,3916,3831
34300,34350,3922,3724,3922,3837
34350,34400,3928,3730,3928,3843
34400,34450,3934,3736,3934,3849
34450,34500,3940,3742,3940,3855
34500,34550,3946,3748,3946,3861
34550,34600,3952,3754,3952,3867
34600,34650,3958,3760,3958,3873
34650,34700,3964,3766,3964,3879
34700,34750,3970,3772,3970,3885
34750,34800,3976,3778,3976,3891
34800,34850,3982,3784,3982,3897
34850,34900,3988,3790,3988,3903
34900,34950,3994,3796,3994,3909
34950,35000,4000,3802,4000,3915
35000,35050,4006,3808,4006,3921
35050,35100,4012,3814,4012,3927
35100,35150,4018,3820,4018,3933
35150,35200,4024,3826,4024,3939
35200,35250,4030,3832,4030,3945
35250,35300,4036,3838,4036,3951
35300,35350,4042,3844,4042,3957
35350,35400,4048,3850,4048,3963
35400,35450,4054,3856,4054,3969
35450,35500,4060,3862,4060,3975
35500,35550,4066,3868,4066,3981
35550,35600,4072,3874,4072,3987
35600,35650,4078,3880,4078,3993
35650,35700,4084,3886,4084,3999
35700,35750,4090,3892,4090,4005
35750,35800,4096,3898,4096,4011
35800,35850,4102,3904,4102,4017
35850,35900,4108,3910,4108,4023
35900,35950,4114,3916,4114,4029
35950,36000,4120,3922,4120,4035
36000,36050,4126,3928,4126,4041
36050,36100,4132,3934,4132,4047
36100,36150,4138,3940,4138,4053
36150,36200,4144,3946,4144,4059
36200,36250,4150,3952,4150,4065
36250,36300,4156,3958,4156,4071
36300,36350,4162,3964,4162,4077
36350,36400,4168,3970,4168,4083
36400,36450,4174,3976,4174,4089
36450,36500,4180,3982,4180,4095
36500,36550,4186,3988,4186,4101
36550,36600,4192,3994,4192,4107
36600,36650,4198,4000,4198,4113
36650,36700,4204,4006,4204,4119
36700,36750,4210,4012,4210,4125
36750,36800,4216,4018,4216,4131
36800,36850,4222,4024,4222,4137
36850,36900,4228,4030,4228,4143
36900,36950,4234,4036,4234,4149
36950,37000,4240,4042,4240,4155
37000,37050,4246,4048,4246,4161
37050,37100,4252,4054,4252,4167
37100,37150,4258,4060,4258,4173
37150,37200,4264,4066,4264,4179
37200,37250,4270,4072,4270,4185
37250,37300,4276,4078,4276,4191
37300,37350,4282,4084,4282,4197
37350,37400,4288,4090,4288,4203
37400,37450,4294,4096,4294,4209
37450,37500,4300,4102,4300,4215
37500,37550,4306,4108,4306,4221
37550,37600,4312,4114,4312,4227
37600,37650,4318,4120,4318,4233
37650,37700,4324,4126,4324,4239
37700,37750,4330,4132,4330,4245
37750,37800,4336,4138,4336,4251
37800,37850,4342,4144,4342,4257
37850,37900,4348,4150,4348,4263
37900,37950,4354,4156,4354,4269
37950,38000,4360,4162,4360,4275
38000,38050,4366,4168,4366,4281
38050,38100,4372,4174,4372,4287
38100,38150,4378,4180,4378,4293
38150,38200,4384,4186,4384,4299
38200,38250,4390,4192,4390,4305
38250,38300,4396,4198,4396,4311
38300,38350,4402,4204,4402,4317
38350,38400,4408,4210,4408,4323
38400,38450,4414,4216,4414,4329
38450,38500,4420,4222,4420,4335
38500,38550,4426,4228,4426,4341
38550,38600,4432,4234,4432,4347
38600,38650,4438,4240,4438,4353
38650,38700,4444,4246,4444,4359
38700,38750,4450,4252,4450,4365
38750,38800,4456,4258,4456,4371
38800,38850,4462,4264,4462,4377
38850,38900,4468,4270,4468,4383
38900,38950,4474,4276,4474,4389
38950,39000,4480,4282,4480,4395
39000,39050,4486,4288,4486,4401
39050,39100,4492,4294,4492,4407
39100,39150,4498,4300,4498,4413
39150,39200,4504,4306,4504,4419
39200,39250,4510,4312,4510,4425
39250,39300,4516,4318,4516,4431
39300,39350,4522,4324,4522,4437
39350,39400,4528,4330,4528,4443
39400,39450,4534,4336,4534,4449
39450,39500,4540,4342,4540,4455
39500,39550,4546,4348,4546,4461
39550,39600,4552,4354,4552,4467
39600,39650,4558,4360,4558,4473
39650,39700,4564,4366,4564,4479
39700,39750,4570,4372,4570,4485
39750,39800,4576,4378,4576,4491
39800,39850,4582,4384,4582,4497
39850,39900,4588,4390,4588,4503
39900,39950,4594,4396,4594,4509
39950,40000,4600,4402,4600,4515
40000,40050,4606,4408,4606,4521
40050,40100,4612,4414,4612,4527
40100,40150,4618,4420,4618,4533
40150,40200,4629,4426,4629,4539
40200,40250,4640,4432,4640,4545
40250,40300,4651,4438,4651,4551
40300,40350,4662,4444,4662,4557
40350,40400,4673,4450,4673,4563
40400,40450,4684,4456,4684,4569
40450,40500,4695,4462,4695,4575
40500,40550,4706,4468,4706,4581
40550,40600,4717,4474,4717,4587
40600,40650,4728,4480,4728,4593
40650,40700,4739,4486,4739,4599
40700,40750,4750,4492,4750,4605
40750,40800,4761,4498,4761,4611
40800,40850,4772,4504,4772,4617
40850,40900,4783,4510,4783,4623
40900,40950,4794,4516,4794,4629
40950,41000,4805,4522,4805,4635
41000,41050,4816,4528,4816,4641
41050,41100,4827,4534,4827,4647
41100,41150,4838,4540,4838,4653
41150,41200,4849,4546,4849,4659
41200,41250,4860,4552,4860,4665
41250,41300,4871,4558,4871,4671
41300,41350,4882,4564,4882,4677
41350,41400,4893,4570,4893,4683
41400,41450,4904,4576,4904,4689
41450,41500,4915,4582,4915,4695
41500,41550,4926,4588,4926,4701
41550,41600,4937,4594,4937,4707
41600,41650,4948,4600,4948,4713
41650,41700,4959,4606,4959,4719
41700,41750,4970,4612,4970,4725
41750,41800,4981,4618,4981,4731
41800,41850,4992,4624,4992,4737
41850,41900,5003,4630,5003,4743
41900,41950,5014,4636,5014,4749
41950,42000,5025,4642,5025,4755
42000,42050,5036,4648,5036,4761
42050,42100,5047,4654,5047,4767
42100,42150,5058,4660,5058,4773
42150,42200,5069,4666,5069,4779
42200,42250,5080,4672,5080,4785
42250,42300,5091,4678,5091,4791
42300,42350,5102,4684,5102,4797
42350,42400,5113,4690,5113,4803
42400,42450,5124,4696,5124,4809
42450,42500,5135,4702,5135,4815
42500,42550,5146,4708,5146,4821
42550,42600,5157,4714,5157,4827
42600,42650,5168,4720,5168,4833
42650,42700,5179,4726,5179,4839
42700,42750,5190,4732,5190,4845
42750,42800,5201,4738,5201,4851
42800,42850,5212,4744,5212,4857
42850,42900,5223,4750,5223,4863
42900,42950,5234,4756,5234,4869
42950,43000,5245,4762,5245,4875
43000,43050,5256,4768,5256,4881
43050,43100,5267,4774,5267,4887
43100,43150,5278,4780,5278,4893
43150,43200,5289,4786,5289,4899
43200,43250,5300,4792,5300,4905
43250,43300,5311,4798,5311,4911
43300,43350,5322,4804,5322,4917
43350,43400,5333,4810,5333,4923
43400,43450,5344,4816,5344,4929
43450,43500,5355,4822,5355,4935
43500,43550,5366,4828,5366,4941
43550,43600,5377,4834,5377,4947
43600,43650,5388,4840,5388,4953
43650,43700,5399,4846,5399,4959
43700,43750,5410,4852,5410,4965
43750,43800,5421,4858,5421,4971
43800,43850,5432,4864,5432,4977
43850,43900,5443,4870,5443,4983
43900,43950,5454,4876,5454,4989
43950,44000,5465,4882,5465,4995
44000,44050,5476,4888,5476,5001
44050,44100,5487,4894,5487,5007
44100,44150,5498,4900,5498,5013
44150,44200,5509,4906,5509,5019
44200,44250,5520,4912,5520,5025
44250,44300,5531,4918,5531,5031
44300,44350,5542,4924,5542,5037
44350,44400,5553,4930,5553,5043
44400,44450,5564,4936,5564,5049
44450,44500,5575,4942,5575,5055
44500,44550,5586,4948,5586,5061
44550,44600,5597,4954,5597,5067
44600,44650,5608,4960,5608,5073
44650,44700,5619,4966,5619,5079
44700,44750,5630,4972,5630,5085
44750,44800,5641,4978,5641,5091
44800,44850,5652,4984,5652,5097
44850,44900,5663,4990,5663,5103
44900,44950,5674,4996,5674,5109
44950,45000,5685,5002,5685,5115
45000,45050,5696,5008,5696,5121
45050,45100,5707,5014,5707,5127
45100,45150,5718,5020,5718,5133
45150,45200,5729,5026,5729,5139
45200,45250,5740,5032,5740,5145
45250,45300,5751,5038,5751,5151
45300,45350,5762,5044,5762,5157
45350,45400,5773,5050,5773,5163
45400,45450,5784,5056,5784,5169
45450,45500,5795,5062,5795,5175
45500,45550,5806,5068,5806,5181
45550,45600,5817,5074,5817,5187
45600,45650,5828,5080,5828,5193
45650,45700,5839,5086,5839,5199
45700,45750,5850,5092,5850,5205
45750,45800,5861,5098,5861,5211
45800,45850,5872,5104,5872,5217
45850,45900,5883,5110,5883,5223
45900,45950,5894,5116,5894,5229
45950,46000,5905,5122,5905,5235
46000,46050,5916,5128,5916,5241
46050,46100,5927,5134,5927,5247
46100,46150,5938,5140,5938,5253
46150,46200,5949,5146,5949,5259
46200,46250,5960,5152,5960,5265
46250,46300,5971,5158,5971,5271
46300,46350,5982,5164,5982,5277
46350,46400,5993,5170,5993,5283
46400,46450,6004,5176,6004,5289
46450,46500,6015,5182,6015,5295
46500,46550,6026,5188,6026,5301
46550,46600,6037,5194,6037,5307
46600,46650,6048,5200,6048,5313
46650,46700,6059,5206,6059,5319
46700,46750,6070,5212,6070,5325
46750,46800,6081,5218,6081,5331
46800,46850,6092,5224,6092,5337
46850,46900,6103,5230,6103,5343
46900,46950,6114,5236,6114,5349
46950,47000,6125,5242,6125,5355
47000,47050,6136,5248,6136,5361
47050,47100,6147,5254,6147,5367
47100,47150,6158,5260,6158,5373
47150,47200,6169,5266,6169,5379
47200,47250,6180,5272,6180,5385
47250,47300,6191,5278,6191,5391
47300,47350,6202,5284,6202,5397
47350,47400,6213,5290,6213,5403
47400,47450,6224,5296,6224,5409
47450,47500,6235,5302,6235,5415
47500,47550,6246,5308,6246,5421
47550,47600,6257,5314,6257,5427
47600,47650,6268,5320,6268,5433
47650,47700,6279,5326,6279,5439
47700,47750,6290,5332,6290,5445
47750,47800,6301,5338,6301,5451
47800,47850,6312,5344,6312,5457
47850,47900,6323,5350,6323,5463
47900,47950,6334,5356,6334,5469
47950,48000,6345,5362,6345,5475
48000,48050,6356,5368,6356,5481
48050,48100,6367,5374,6367,5487
48100,48150,6378,5380,6378,5493
48150,48200,6389,5386,6389,5499
48200,48250,6400,5392,6400,5505
48250,48300,6411,5398,6411,5511
48300,48350,6422,5404,6422,5517
48350,48400,6433,5410,6433,5523
48400,48450,6444,5416,6444,5529
48450,48500,6455,5422,6455,5535
48500,48550,6466,5428,6466,5541
48550,48600,6477,5434,6477,5547
48600,48650,6488,5440,6488,5553
48650,48700,6499,5446,6499,5559
48700,48750,6510,5452,6510,5565
48750,48800,6521,5458,6521,5571
48800,48850,6532,5464,6532,5577
48850,48900,6543,5470,6543,5583
48900,48950,6554,5476,6554,5589
48950,49000,6565,5482,6565,5595
49000,49050,6576,5488,6576,5601
49050,49100,6587,5494,6587,5607
49100,49150,6598,5500,6598,5613
49150,49200,6609,5506,6609,5619
49200,49250,6620,5512,6620,5625
49250,49300,6631,5518,6631,5631
49300,49350,6642,5524,6642,5637
49350,49400,6653,5530,6653,5643
49400,49450,6664,5536,6664,5649
49450,49500,6675,5542,6675,5655
49500,49550,6686,5548,6686,5661
49550,49600,6697,5554,6697,5667
49600,49650,6708,5560,6708,5673
49650,49700,6719,5566,6719,5679
49700,49750,6730,5572,6730,5685
49750,49800,6741,5578,6741,5691
49800,49850,6752,5584,6752,5697
49850,49900,6763,5590,6763,5703
49900,49950,6774,5596,6774,5709
49950,50000,6785,5602,6785,5715
50000,50050,6796,5608,6796,5721
50050,50100,6807,5614,6807,5727
50100,50150,6818,5620,6818,5733
50150,50200,6829,5626,6829,5739
50200,50250,6840,5632,6840,5745
50250,50300,6851,5638,6851,5751
50300,50350,6862,5644,6862,5757
50350,50400,6873,5650,6873,5763
50400,50450,6884,5656,6884,5769
50450,50500,6895,5662,6895,5775
50500,50550,6906,5668,6906,5781
50550,50600,6917,5674,6917,5787
50600,50650,6928,5680,6928,5793
50650,50700,6939,5686,6939,5799
50700,50750,6950,5692,6950,5805
50750,50800,6961,5698,6961,5811
50800,50850,6972,5704,6972,5817
50850,50900,6983,5710,6983,5823
50900,50950,6994,5716,6994,5829
50950,51000,7005,5722,7005,5835
51000,51050,7016,5728,7016,5841
51050,51100,7027,5734,7027,5847
51100,51150,7038,5740,7038,5853
51150,51200,7049,5746,7049,5859
51200,51250,7060,5752,7060,5865
51250,51300,7071,5758,7071,5871
51300,51350,7082,5764,7082,5877
51350,51400,7093,5770,7093,5883
51400,51450,7104,5776,7104,5889
51450,51500,7115,5782,7115,5895
51500,51550,7126,5788,7126,5901
51550,51600,7137,5794,7137,5907
51600,51650,7148,5800,7148,5913
51650,51700,7159,5806,7159,5919
51700,51750,7170,5812,7170,5925
51750,51800,7181,5818,7181,5931
51800,51850,7192,5824,7192,5937
51850,51900,7203,5830,7203,5943
51900,51950,7214,5836,7214,5949
51950,52000,7225,5842,7225,5955
52000,52050,7236,5848,7236,5961
52050,52100,7247,5854,7247,5967
52100,52150,7258,5860,7258,5973
52150,52200,7269,5866,7269,5979
52200,52250,7280,5872,7280,5985
52250,52300,7291,5878,7291,5991
52300,52350,7302,5884,7302,5997
52350,52400,7313,5890,7313,6003
52400,52450,7324,5896,7324,6009
52450,52500,7335,5902,7335,6015
52500,52550,7346,5908,7346,6021
52550,52600,7357,5914,7357,6027
52600,52650,7368,5920,7368,6033
52650,52700,7379,5926,7379,6039
52700,52750,7390,5932,7390,6045
52750,52800,7401,5938,7401,6051
52800,52850,7412,5944,7412,6057
52850,52900,7423,5950,7423,6063
52900,52950,7434,5956,7434,6069
52950,53000,7445,5962,7445,6075
53000,53050,7456,5968,7456,6081
53050,53100,7467,5974,7467,6087
53100,53150,7478,5980,7478,6093
53150,53200,7489,5986,7489,6099
53200,53250,7500,5992,7500,6105
53250,53300,7511,5998,7511,6111
53300,53350,7522,6004,7522,6117
53350,53400,7533,6010,7533,6123
53400,53450,7544,6016,7544,6129
53450,53500,7555,6022,7555,6135
53500,53550,7566,6028,7566,6141
53550,53600,7577,6034,7577,6147
53600,53650,7588,6040,7588,6153
53650,53700,7599,6046,7599,6159
53700,53750,7610,6052,7610,6168
53750,53800,7621,6058,7621,6179
53800,53850,7632,6064,7632,6190
53850,53900,7643,6070,7643,6201
53900,53950,7654,6076,7654,6212
53950,54000,7665,6082,7665,6223
54000,54050,7676,6088,7676,6234
54050,54100,7687,6094,7687,6245
54100,54150,7698,6100,7698,6256
54150,54200,7709,6106,7709,6267
54200,54250,7720,6112,7720,6278
54250,54300,7731,6118,7731,6289
54300,54350,7742,6124,7742,6300
54350,54400,7753,6130,7753,6311
54400,54450,7764,6136,7764,6322
54450,54500,7775,6142,7775,6333
54500,54550,7786,6148,7786,6344
54550,54600,7797,6154,7797,6355
54600,54650,7808,6160,7808,6366
54650,54700,7819,6166,7819,6377
54700,54750,7830,6172,7830,6388
54750,54800,7841,6178,7841,6399
54800,54850,7852,6184,7852,6410
54850,54900,7863,6190,7863,6421
54900,54950,7874,6196,7874,6432
54950,55000,7885,6202,7885,6443
55000,55050,7896,6208,7896,6454
55050,55100,7907,6214,7907,6465
55100,55150,7918,6220,7918,6476
55150,55200,7929,6226,7929,6487
55200,55250,7940,6232,7940,6498
55250,55300,7951,6238,7951,6509
55300,55350,7962,6244,7962,6520
55350,55400,7973,6250,7973,6531
55400,55450,7984,6256,7984,6542
55450,55500,7995,6262,7995,6553
55500,55550,8006,6268,8006,6564
55550,55600,8017,6274,8017,6575
55600,55650,8028,6280,8028,6586
55650,55700,8039,6286,8039,6597
55700,55750,8050,6292,8050,6608
55750,55800,8061,6298,8061,6619
55800,55850,8072,6304,8072,6630
55850,55900,8083,6310,8083,6641
55900,55950,8094,6316,8094,6652
55950,56000,8105,6322,8105,6663
56000,56050,8116,6328,8116,6674
56050,56100,8127,6334,8127,6685
56100,56150,8138,6340,8138,6696
56150,56200,8149,6346,8149,6707
56200,56250,8160,6352,8160,6718
56250,56300,8171,6358,8171,6729
56300,56350,8182,6364,8182,6740
56350,56400,8193,6370,8193,6751
56400,56450,8204,6376,8204,6762
56450,56500,8215,6382,8215,6773
56500,56550,8226,6388,8226,6784
56550,56600,8237,6394,8237,6795
56600,56650,8248,6400,8248,6806
56650,56700,8259,6406,8259,6817
56700,56750,8270,6412,8270,6828
56750,56800,8281,6418,8281,6839
56800,56850,8292,6424,8292,6850
56850,56900,8303,6430,8303,6861
56900,56950,8314,6436,8314,6872
56950,57000,8325,6442,8325,6883
57000,57050,8336,6448,8336,6894
57050,57100,8347,6454,8347,6905
57100,57150,8358,6460,8358,6916
57150,57200,8369,6466,8369,6927
57200,57250,8380,6472,8380,6938
57250,57300,8391,6478,8391,6949
57300,57350,8402,6484,8402,6960
57350,57400,8413,6490,8413,6971
57400,57450,8424,6496,8424,6982
57450,57500,8435,6502,8435,6993
57500,57550,8446,6508,8446,7004
57550,57600,8457,6514,8457,7015
57600,57650,8468,6520,8468,7026
57650,57700,8479,6526,8479,7037
57700,57750,8490,6532,8490,7048
57750,57800,8501,6538,8501,7059
57800,57850,8512,6544,8512,7070
57850,57900,8523,6550,8523,7081
57900,57950,8534,6556,8534,7092
57950,58000,8545,6562,8545,7103
58000,58050,8556,6568,8556,7114
58050,58100,8567,6574,8567,7125
58100,58150,8578,6580,8578,7136
58150,58200,8589,6586,8589,7147
58200,58250,8600,6592,8600,7158
58250,58300,8611,6598,8611,7169
58300,58350,8622,6604,8622,7180
58350,58400,8633,6610,8633,7191
58400,58450,8644,6616,8644,7202
58450,58500,8655,6622,8655,7213
58500,58550,8666,6628,8666,7224
58550,58600,8677,6634,8677,7235
58600,58650,8688,6640,8688,7246
58650,58700,8699,6646,8699,7257
58700,58750,8710,6652,8710,7268
58750,58800,8721,6658,8721,7279
58800,58850,8732,6664,8732,7290
58850,58900,8743,6670,8743,7301
58900,58950,8754,6676,8754,7312
58950,59000,8765,6682,8765,7323
59000,59050,8776,6688,8776,7334
59050,59100,8787,6694,8787,7345
59100,59150,8798,6700,8798,7356
59150,59200,8809,6706,8809,7367
59200,59250,8820,6712,8820,7378
59250,59300,8831,6718,8831,7389
59300,59350,8842,6724,8842,7400
59350,59400,8853,6730,8853,7411
59400,59450,8864,6736,8864,7422
59450,59500,8875,6742,8875,7433
59500,59550,8886,6748,8886,7444
59550,59600,8897,6754,8897,7455
59600,59650,8908,6760,8908,7466
59650,59700,8919,6766,8919,7477
59700,59750,8930,6772,8930,7488
59750,59800,8941,6778,8941,7499
59800,59850,8952,6784,8952,7510
59850,59900,8963,6790,8963,7521
59900,59950,8974,6796,8974,7532
59950,60000,8985,6802,8985,7543
60000,60050,8996,6808,8996,7554
60050,60100,9007,6814,9007,7565
60100,60150,9018,6820,9018,7576
60150,60200,9029,6826,9029,7587
60200,60250,9040,6832,9040,7598
60250,60300,9051,6838,9051,7609
60300,60350,9062,6844,9062,7620
60350,60400,9073,6850,9073,7631
60400,60450,9084,6856,9084,7642
60450,60500,9095,6862,9095,7653
60500,60550,9106,6868,9106,7664
60550,60600,9117,6874,9117,7675
60600,60650,9128,6880,9128,7686
60650,60700,9139,6886,9139,7697
60700,60750,9150,6892,9150,7708
60750,60800,9161,6898,9161,7719
60800,60850,9172,6904,9172,7730
60850,60900,9183,6910,9183,7741
60900,60950,9194,6916,9194,7752
60950,61000,9205,6922,9205,7763
61000,61050,9216,6928,9216,7774
61050,61100,9227,6934,9227,7785
61100,61150,9238,6940,9238,7796
61150,61200,9249,6946,9249,7807
61200,61250,9260,6952,9260,7818
61250,61300,9271,6958,9271,7829
61300,61350,9282,6964,9282,7840
61350,61400,9293,6970,9293,7851
61400,61450,9304,6976,9304,7862
61450,61500,9315,6982,9315,7873
61500,61550,9326,6988,9326,7884
61550,61600,9337,6994,9337,7895
61600,61650,9348,7000,9348,7906
61650,61700,9359,7006,9359,7917
61700,61750,9370,7012,9370,7928
61750,61800,9381,7018,9381,7939
61800,61850,9392,7024,9392,7950
61850,61900,9403,7030,9403,7961
61900,61950,9414,7036,9414,7972
61950,62000,9425,7042,9425,7983
62000,62050,9436,7048,9436,7994
62050,62100,9447,7054,9447,8005
62100,62150,9458,7060,9458,8016
62150,62200,9469,7066,9469,8027
62200,62250,9480,7072,9480,8038
62250,62300,9491,7078,9491,8049
62300,62350,9502,7084,9502,8060
62350,62400,9513,7090,9513,8071
62400,62450,9524,7096,9524,8082
62450,62500,9535,7102,9535,8093
62500,62550,9546,7108,9546,8104
62550,62600,9557,7114,9557,8115
62600,62650,9568,7120,9568,8126
62650,62700,9579,7126,9579,8137
62700,62750,9590,7132,9590,8148
62750,62800,9601,7138,9601,8159
62800,62850,9612,7144,9612,8170
62850,62900,9623,7150,9623,8181
62900,62950,9634,7156,9634,8192
62950,63000,9645,7162,9645,8203
63000,63050,9656,7168,9656,8214
63050,63100,9667,7174,9667,8225
63100,63150,9678,7180,9678,8236
63150,63200,9689,7186,9689,8247
63200,63250,9700,7192,9700,8258
63250,63300,9711,7198,9711,8269
63300,63350,9722,7204,9722,8280
63350,63400,9733,7210,9733,8291
63400,63450,9744,7216,9744,8302
63450,63500,9755,7222,9755,8313
63500,63550,9766,7228,9766,8324
63550,63600,9777,7234,9777,8335
63600,63650,9788,7240,9788,8346
63650,63700,9799,7246,9799,8357
63700,63750,9810,7252,9810,8368
63750,63800,9821,7258,9821,8379
63800,63850,9832,7264,9832,8390
63850,63900,9843,7270,9843,8401
63900,63950,9854,7276,9854,8412
63950,64000,9865,7282,9865,8423
64000,64050,9876,7288,9876,8434
64050,64100,9887,7294,9887,8445
64100,64150,9898,7300,9898,8456
64150,64200,9909,7306,9909,8467
64200,64250,9920,7312,9920,8478
64250,64300,9931,7318,9931,8489
64300,64350,9942,7324,9942,8500
64350,64400,9953,7330,9953,8511
64400,64450,9964,7336,9964,8522
64450,64500,9975,7342,9975,8533
64500,64550,9986,7348,9986,8544
64550,64600,9997,7354,9997,8555
64600,64650,10008,7360,10008,8566
64650,64700,10019,7366,10019,8577
64700,64750,10030,7372,10030,8588
64750,64800,10041,7378,10041,8599
64800,64850,10052,7384,10052,8610
64850,64900,10063,7390,10063,8621
64900,64950,10074,7396,10074,8632
64950,65000,10085,7402,10085,8643
65000,65050,10096,7408,10096,8654
65050,65100,10107,7414,10107,8665
65100,65150,10118,7420,10118,8676
65150,65200,10129,7426,10129,8687
65200,65250,10140,7432,10140,8698
65250,65300,10151,7438,10151,8709
65300,65350,10162,7444,10162,8720
65350,65400,10173,7450,10173,8731
65400,65450,10184,7456,10184,8742
65450,65500,10195,7462,10195,8753
65500,65550,10206,7468,10206,8764
65550,65600,10217,7474,10217,8775
65600,65650,10228,7480,10228,8786
65650,65700,10239,7486,10239,8797
65700,65750,10250,7492,10250,8808
65750,65800,10261,7498,10261,8819
65800,65850,10272,7504,10272,8830
65850,65900,10283,7510,10283,8841
65900,65950,10294,7516,10294,8852
65950,66000,10305,7522,10305,8863
66000,66050,10316,7528,10316,8874
66050,66100,10327,7534,10327,8885
66100,66150,10338,7540,10338,8896
66150,66200,10349,7546,10349,8907
66200,66250,10360,7552,10360,8918
66250,66300,10371,7558,10371,8929
66300,66350,10382,7564,10382,8940
66350,66400,10393,7570,10393,8951
66400,66450,10404,7576,10404,8962
66450,66500,10415,7582,10415,8973
66500,66550,10426,7588,10426,8984
66550,66600,10437,7594,10437,8995
66600,66650,10448,7600,10448,9006
66650,66700,10459,7606,10459,9017
66700,66750,10470,7612,10470,9028
66750,66800,10481,7618,10481,9039
66800,66850,10492,7624,10492,9050
66850,66900,10503,7630,10503,9061
66900,66950,10514,7636,10514,9072
66950,67000,10525,7642,10525,9083
67000,67050,10536,7648,10536,9094
67050,67100,10547,7654,10547,9105
67100,67150,10558,7660,10558,9116
67150,67200,10569,7666,10569,9127
67200,67250,10580,7672,10580,9138
67250,67300,10591,7678,10591,9149
67300,67350,10602,7684,10602,9160
67350,67400,10613,7690,10613,9171
67400,67450,10624,7696,10624,9182
67450,67500,10635,7702,10635,9193
67500,67550,10646,7708,10646,9204
67550,67600,10657,7714,10657,9215
67600,67650,10668,7720,10668,9226
67650,67700,10679,7726,10679,9237
67700,67750,10690,7732,10690,9248
67750,67800,10701,7738,10701,9259
67800,67850,10712,7744,10712,9270
67850,67900,10723,7750,10723,9281
67900,67950,10734,7756,10734,9292
67950,68000,10745,7762,10745,9303
68000,68050,10756,7768,10756,9314
68050,68100,10767,7774,10767,9325
68100,68150,10778,7780,10778,9336
68150,68200,10789,7786,10789,9347
68200,68250,10800,7792,10800,9358
68250,68300,10811,7798,10811,9369
68300,68350,10822,7804,10822,9380
68350,68400,10833,7810,10833,9391
68400,68450,10844,7816,10844,9402
68450,68500,10855,7822,10855,9413
68500,68550,10866,7828,10866,9424
68550,68600,10877,7834,10877,9435
68600,68650,10888,7840,10888,9446
68650,68700,10899,7846,10899,9457
68700,68750,10910,7852,10910,9468
68750,68800,10921,7858,10921,9479
68800,68850,10932,7864,10932,9490
68850,68900,10943,7870,10943,9501
68900,68950,10954,7876,10954,9512
68950,69000,10965,7882,10965,9523
69000,69050,10976,7888,10976,9534
69050,69100,10987,7894,10987,9545
69100,69150,10998,7900,10998,9556
69150,69200,11009,7906,11009,9567
69200,69250,11020,7912,11020,9578
69250,69300,11031,7918,11031,9589
69300,69350,11042,7924,11042,9600
69350,69400,11053,7930,11053,9611
69400,69450,11064,7936,11064,9622
69450,69500,11075,7942,11075,9633
69500,69550,11086,7948,11086,9644
69550,69600,11097,7954,11097,9655
69600,69650,11108,7960,11108,9666
69650,69700,11119,7966,11119,9677
69700,69750,11130,7972,11130,9688
69750,69800,11141,7978,11141,9699
69800,69850,11152,7984,11152,9710
69850,69900,11163,7990,11163,9721
69900,69950,11174,7996,11174,9732
69950,70000,11185,8002,11185,9743
70000,70050,11196,8008,11196,9754
70050,70100,11207,8014,11207,9765
70100,70150,11218,8020,11218,9776
70150,70200,11229,8026,11229,9787
70200,70250,11240,8032,11240,9798
70250,70300,11251,8038,11251,9809
70300,70350,11262,8044,11262,9820
70350,70400,11273,8050,11273,9831
70400,70450,11284,8056,11284,9842
70450,70500,11295,8062,11295,9853
70500,70550,11306,8068,11306,9864
70550,70600,11317,8074,11317,9875
70600,70650,11328,8080,11328,9886
70650,70700,11339,8086,11339,9897
70700,70750,11350,8092,11350,9908
70750,70800,11361,8098,11361,9919
70800,70850,11372,8104,11372,9930
70850,70900,11383,8110,11383,9941
70900,70950,11394,8116,11394,9952
70950,71000,11405,8122,11405,9963
71000,71050,11416,8128,11416,9974
71050,71100,11427,8134,11427,9985
71100,71150,11438,8140,11438,9996
71150,71200,11449,8146,11449,10007
71200,71250,11460,8152,11460,10018
71250,71300,11471,8158,11471,10029
71300,71350,11482,8164,11482,10040
71350,71400,11493,8170,11493,10051
71400,71450,11504,8176,11504,10062
71450,71500,11515,8182,11515,10073
71500,71550,11526,8188,11526,10084
71550,71600,11537,8194,11537,10095
71600,71650,11548,8200,11548,10106
71650,71700,11559,8206,11559,10117
71700,71750,11570,8212,11570,10128
71750,71800,11581,8218,11581,10139
71800,71850,11592,8224,11592,10150
71850,71900,11603,8230,11603,10161
71900,71950,11614,8236,11614,10172
71950,72000,11625,8242,11625,10183
72000,72050,11636,8248,11636,10194
72050,72100,11647,8254,11647,10205
72100,72150,11658,8260,11658,10216
72150,72200,11669,8266,11669,10227
72200,72250,11680,8272,11680,10238
72250,72300,11691,8278,11691,10249
72300,72350,11702,8284,11702,10260
72350,72400,11713,8290,11713,10271
72400,72450,11724,8296,11724,10282
72450,72500,11735,8302,11735,10293
72500,72550,11746,8308,11746,10304
72550,72600,11757,8314,11757,10315
72600,72650,11768,8320,11768,10326
72650,72700,11779,8326,11779,10337
72700,72750,11790,8332,11790,10348
72750,72800,11801,8338,11801,10359
72800,72850,11812,8344,11812,10370
72850,72900,11823,8350,11823,10381
72900,72950,11834,8356,11834,10392
72950,73000,11845,8362,11845,10403
73000,73050,11856,8368,11856,10414
73050,73100,11867,8374,11867,10425
73100,73150,11878,8380,11878,10436
73150,73200,11889,8386,11889,10447
73200,73250,11900,8392,11900,10458
73250,73300,11911,8398,11911,10469
73300,73350,11922,8404,11922,10480
73350,73400,11933,8410,11933,10491
73400,73450,11944,8416,11944,10502
73450,73500,11955,8422,11955,10513
73500,73550,11966,8428,11966,10524
73550,73600,11977,8434,11977,10535
73600,73650,11988,8440,11988,10546
73650,73700,11999,8446,11999,10557
73700,73750,12010,8452,12010,10568
73750,73800,12021,8458,12021,10579
73800,73850,12032,8464,12032,10590
73850,73900,12043,8470,12043,10601
73900,73950,12054,8476,12054,10612
73950,74000,12065,8482,12065,10623
74000,74050,12076,8488,12076,10634
74050,74100,12087,8494,12087,10645
74100,74150,12098,8500,12098,10656
74150,74200,12109,8506,12109,10667
74200,74250,12120,8512,12120,10678
74250,74300,12131,8518,12131,10689
74300,74350,12142,8524,12142,10700
74350,74400,12153,8530,12153,10711
74400,74450,12164,8536,12164,10722
74450,74500,12175,8542,12175,10733
74500,74550,12186,8548,12186,10744
74550,74600,12197,8554,12197,10755
74600,74650,12208,8560,12208,10766
74650,74700,12219,8566,12219,10777
74700,74750,12230,8572,12230,10788
74750,74800,12241,8578,12241,10799
74800,74850,12252,8584,12252,10810
74850,74900,12263,8590,12263,10821
74900,74950,12274,8596,12274,10832
74950,75000,12285,8602,12285,10843
75000,75050,12296,8608,12296,10854
75050,75100,12307,8614,12307,10865
75100,75150,12318,8620,12318,10876
75150,75200,12329,8626,12329,10887
75200,75250,12340,8632,12340,10898
75250,75300,12351,8638,12351,10909
75300,75350,12362,8644,12362,10920
75350,75400,12373,8650,12373,10931
75400,75450,12384,8656,12384,10942
75450,75500,12395,8662,12395,10953
75500,75550,12406,8668,12406,10964
75550,75600,12417,8674,12417,10975
75600,75650,12428,8680,12428,10986
75650,75700,12439,8686,12439,10997
75700,75750,12450,8692,12450,11008
75750,75800,12461,8698,12461,11019
75800,75850,12472,8704,12472,11030
75850,75900,12483,8710,12483,11041
75900,75950,12494,8716,12494,11052
75950,76000,12505,8722,12505,11063
76000,76050,12516,8728,12516,11074
76050,76100,12527,8734,12527,11085
76100,76150,12538,8740,12538,11096
76150,76200,12549,8746,12549,11107
76200,76250,12560,8752,12560,11118
76250,76300,12571,8758,12571,11129
76300,76350,12582,8764,12582,11140
76350,76400,12593,8770,12593,11151
76400,76450,12604,8776,12604,11162
76450,76500,12615,8782,12615,11173
76500,76550,12626,8788,12626,11184
76550,76600,12637,8794,12637,11195
76600,76650,12648,8800,12648,11206
76650,76700,12659,8806,12659,11217
76700,76750,12670,8812,12670,11228
76750,76800,12681,8818,12681,11239
76800,76850,12692,8824,12692,11250
76850,76900,12703,8830,12703,11261
76900,76950,12714,8836,12714,11272
76950,77000,12725,8842,12725,11283
77000,77050,12736,8848,12736,11294
77050,77100,12747,8854,12747,11305
77100,77150,12758,8860,12758,11316
77150,77200,12769,8866,12769,11327
77200,77250,12780,8872,12780,11338
77250,77300,12791,8878,12791,11349
77300,77350,12802,8884,12802,11360
77350,77400,12813,8890,12813,11371
77400,77450,12824,8896,12824,11382
77450,77500,12835,8902,12835,11393
77500,77550,12846,8908,12846,11404
77550,77600,12857,8914,12857,11415
77600,77650,12868,8920,12868,11426
77650,77700,12879,8926,12879,11437
77700,77750,12890,8932,12890,11448
77750,77800,12901,8938,12901,11459
77800,77850,12912,8944,12912,11470
77850,77900,12923,8950,12923,11481
77900,77950,12934,8956,12934,11492
77950,78000,12945,8962,12945,11503
78000,78050,12956,8968,12956,11514
78050,78100,12967,8974,12967,11525
78100,78150,12978,8980,12978,11536
78150,78200,12989,8986,12989,11547
78200,78250,13000,8992,13000,11558
78250,78300,13011,8998,13011,11569
78300,78350,13022,9004,13022,11580
78350,78400,13033,9010,13033,11591
78400,78450,13044,9016,13044,11602
78450,78500,13055,9022,13055,11613
78500,78550,13066,9028,13066,11624
78550,78600,13077,9034,13077,11635
78600,78650,13088,9040,13088,11646
78650,78700,13099,9046,13099,11657
78700,78750,13110,9052,13110,11668
78750,78800,13121,9058,13121,11679
78800,78850,13132,9064,13132,11690
78850,78900,13143,9070,13143,11701
78900,78950,13154,9076,13154,11712
78950,79000,13165,9082,13165,11723
79000,79050,13176,9088,13176,11734
79050,79100,13187,9094,13187,11745
79100,79150,13198,9100,13198,11756
79150,79200,13209,9106,13209,11767
79200,79250,13220,9112,13220,11778
79250,79300,13231,9118,13231,11789
79300,79350,13242,9124,13242,11800
79350,79400,13253,9130,13253,11811
79400,79450,13264,9136,13264,11822
79450,79500,13275,9142,13275,11833
79500,79550,13286,9148,13286,11844
79550,79600,13297,9154,13297,11855
79600,79650,13308,9160,13308,11866
79650,79700,13319,9166,13319,11877
79700,79750,13330,9172,13330,11888
79750,79800,13341,9178,13341,11899
79800,79850,13352,9184,13352,11910
79850,79900,13363,9190,13363,11921
79900,79950,13374,9196,13374,11932
79950,80000,13385,9202,13385,11943
80000,80050,13396,9208,13396,11954
80050,80100,13407,9214,13407,11965
80100,80150,13418,9220,13418,11976
80150,80200,13429,9226,13429,11987
80200,80250,13440,9232,13440,11998
80250,80300,13451,9241,13451,12009
80300,80350,13462,9252,13462,12020
80350,80400,13473,9263,13473,12031
80400,80450,13484,9274,13484,12042
80450,80500,13495,9285,13495,12053
80500,80550,13506,9296,13506,12064
80550,80600,13517,9307,13517,12075
80600,80650,13528,9318,13528,12086
80650,80700,13539,9329,13539,12097
80700,80750,13550,9340,13550,12108
80750,80800,13561,9351,13561,12119
80800,80850,13572,9362,13572,12130
80850,80900,13583,9373,13583,12141
80900,80950,13594,9384,13594,12152
80950,81000,13605,9395,13605,12163
81000,81050,13616,9406,13616,12174
81050,81100,13627,9417,13627,12185
81100,81150,13638,9428,13638,12196
81150,81200,13649,9439,13649,12207
81200,81250,13660,9450,13660,12218
81250,81300,13671,9461,13671,12229
81300,81350,13682,9472,13682,12240
81350,81400,13693,9483,13693,12251
81400,81450,13704,9494,13704,12262
81450,81500,13715,9505,13715,12273
81500,81550,13726,9516,13726,12284
81550,81600,13737,9527,13737,12295
81600,81650,13748,9538,13748,12306
81650,81700,13759,9549,13759,12317
81700,81750,13770,9560,13770,12328
81750,81800,13781,9571,13781,12339
81800,81850,13792,9582,13792,12350
81850,81900,13803,9593,13803,12361
81900,81950,13814,9604,13814,12372
81950,82000,13825,9615,13825,12383
82000,82050,13836,9626,13836,12394
82050,82100,13847,9637,13847,12405
82100,82150,13858,9648,13858,12416
82150,82200,13869,9659,13869,12427
82200,82250,13880,9670,13880,12438
82250,82300,13891,9681,13891,12449
82300,82350,13902,9692,13902,12460
82350,82400,13913,9703,13913,12471
82400,82450,13924,9714,13924,12482
82450,82500,13935,9725,13935,12493
82500,82550,13946,9736,13946,12504
82550,82600,13957,9747,13957,12515
82600,82650,13968,9758,13968,12526
82650,82700,13979,9769,13979,12537
82700,82750,13990,9780,13990,12548
82750,82800,14001,9791,14001,12559
82800,82850,14012,9802,14012,12570
82850,82900,14023,9813,14023,12581
82900,82950,14034,9824,14034,12592
82950,83000,14045,9835,14045,12603
83000,83050,14056,9846,14056,12614
83050,83100,14067,9857,14067,12625
83100,83150,14078,9868,14078,12636
83150,83200,14089,9879,14089,12647
83200,83250,14100,9890,14100,12658
83250,83300,14111,9901,14111,12669
83300,83350,14122,9912,14122,12680
83350,83400,14133,9923,14133,12691
83400,83450,14144,9934,14144,12702
83450,83500,14155,9945,14155,12713
83500,83550,14166,9956,14166,12724
83550,83600,14177,9967,14177,12735
83600,83650,14188,9978,14188,12746
83650,83700,14199,9989,14199,12757
83700,83750,14210,10000,14210,12768
83750,83800,14221,10011,14221,12779
83800,83850,14232,10022,14232,12790
83850,83900,14243,10033,14243,12801
83900,83950,14254,10044,14254,12812
83950,84000,14265,10055,14265,12823
84000,84050,14276,10066,14276,12834
84050,84100,14287,10077,14287,12845
84100,84150,14298,10088,14298,12856
84150,84200,14309,10099,14309,12867
84200,84250,14320,10110,14320,12878
84250,84300,14331,10121,14331,12889
84300,84350,14342,10132,14342,12900
84350,84400,14353,10143,14353,12911
84400,84450,14364,10154,14364,12922
84450,84500,14375,10165,14375,12933
84500,84550,14386,10176,14386,12944
84550,84600,14397,10187,14397,12955
84600,84650,14408,10198,14408,12966
84650,84700,14419,10209,14419,12977
84700,84750,14430,10220,14430,12988
84750,84800,14441,10231,14441,12999
84800,84850,14452,10242,14452,13010
84850,84900,14463,10253,14463,13021
84900,84950,14474,10264,14474,13032
84950,85000,14485,10275,14485,13043
85000,85050,14496,10286,14496,13054
85050,85100,14507,10297,14507,13065
85100,85150,14518,10308,14518,13076
85150,85200,14529,10319,14529,13087
85200,85250,14540,10330,14540,13098
85250,85300,14551,10341,14551,13109
85300,85350,14562,10352,14562,13120
85350,85400,14573,10363,14573,13131
85400,85450,14584,10374,14584,13142
85450,85500,14595,10385,14595,13153
85500,85550,14606,10396,14606,13164
85550,85600,14618,10407,14618,13176
85600,85650,14630,10418,14630,13188
85650,85700,14642,10429,14642,13200
85700,85750,14654,10440,14654,13212
85750,85800,14666,10451,14666,13224
85800,85850,14678,10462,14678,13236
85850,85900,14690,10473,14690,13248
85900,85950,14702,10484,14702,13260
85950,86000,14714,10495,14714,13272
86000,86050,14726,10506,14726,13284
86050,86100,14738,10517,14738,13296
86100,86150,14750,10528,14750,13308
86150,86200,14762,10539,14762,13320
86200,86250,14774,10550,14774,13332
86250,86300,14786,10561,14786,13344
86300,86350,14798,10572,14798,13356
86350,86400,14810,10583,14810,13368
86400,86450,14822,10594,14822,13380
86450,86500,14834,10605,14834,13392
86500,86550,14846,10616,14846,13404
86550,86600,14858,10627,14858,13416
86600,86650,14870,10638,14870,13428
86650,86700,14882,10649,14882,13440
86700,86750,14894,10660,14894,13452
86750,86800,14906,10671,14906,13464
86800,86850,14918,10682,14918,13476
86850,86900,14930,10693,14930,13488
86900,86950,14942,10704,14942,13500
86950,87000,14954,10715,14954,13512
87000,87050,14966,10726,14966,13524
87050,87100,14978,10737,14978,13536
87100,87150,14990,10748,14990,13548
87150,87200,15002,10759,15002,13560
87200,87250,15014,10770,15014,13572
87250,87300,15026,10781,15026,13584
87300,87350,15038,10792,15038,13596
87350,87400,15050,10803,15050,13608
87400,87450,15062,10814,15062,13620
87450,87500,15074,10825,15074,13632
87500,87550,15086,10836,15086,13644
87550,87600,15098,10847,15098,13656
87600,87650,15110,10858,15110,13668
87650,87700,15122,10869,15122,13680
87700,87750,15134,10880,15134,13692
87750,87800,15146,10891,15146,13704
87800,87850,15158,10902,15158,13716
87850,87900,15170,10913,15170,13728
87900,87950,15182,10924,15182,13740
87950,88000,15194,10935,15194,13752
88000,88050,15206,10946,15206,13764
88050,88100,15218,10957,15218,13776
88100,88150,15230,10968,15230,13788
88150,88200,15242,10979,15242,13800
88200,88250,15254,10990,15254,13812
88250,88300,15266,11001,15266,13824
88300,88350,15278,11012,15278,13836
88350,88400,15290,11023,15290,13848
88400,88450,15302,11034,15302,13860
88450,88500,15314,11045,15314,13872
88500,88550,15326,11056,15326,13884
88550,88600,15338,11067,15338,13896
88600,88650,15350,11078,15350,13908
88650,88700,15362,11089,15362,13920
88700,88750,15374,11100,15374,13932
88750,88800,15386,11111,15386,13944
88800,88850,15398,11122,15398,13956
88850,88900,15410,11133,15410,13968
88900,88950,15422,11144,15422,13980
88950,89000,15434,11155,15434,13992
89000,89050,15446,11166,15446,14004
89050,89100,15458,11177,15458,14016
89100,89150,15470,11188,15470,14028
89150,89200,15482,11199,15482,14040
89200,89250,15494,11210,15494,14052
89250,89300,15506,11221,15506,14064
89300,89350,15518,11232,15518,14076
89350,89400,15530,11243,15530,14088
89400,89450,15542,11254,15542,14100
89450,89500,15554,11265,15554,14112
89500,89550,15566,11276,15566,14124
89550,89600,15578,11287,15578,14136
89600,89650,15590,11298,15590,14148
89650,89700,15602,11309,15602,14160
89700,89750,15614,11320,15614,14172
89750,89800,15626,11331,15626,14184
89800,89850,15638,11342,15638,14196
89850,89900,15650,11353,15650,14208
89900,89950,15662,11364,15662,14220
89950,90000,15674,11375,15674,14232
90000,90050,15686,11386,15686,14244
90050,90100,15698,11397,15698,14256
90100,90150,15710,11408,15710,14268
90150,90200,15722,11419,15722,14280
90200,90250,15734,11430,15734,14292
90250,90300,15746,11441,15746,14304
90300,90350,15758,11452,15758,14316
90350,90400,15770,11463,15770,14328
90400,90450,15782,11474,15782,14340
90450,90500,15794,11485,15794,14352
90500,90550,15806,11496,15806,14364
90550,90600,15818,11507,15818,14376
90600,90650,15830,11518,15830,14388
90650,90700,15842,11529,15842,14400
90700,90750,15854,11540,15854,14412
90750,90800,15866,11551,15866,14424
90800,90850,15878,11562,15878,14436
90850,90900,15890,11573,15890,14448
90900,90950,15902,11584,15902,14460
90950,91000,15914,11595,15914,14472
91000,91050,15926,11606,15926,14484
91050,91100,15938,11617,15938,14496
91100,91150,15950,11628,15950,14508
91150,91200,15962,11639,15962,14520
91200,91250,15974,11650,15974,14532
91250,91300,15986,11661,15986,14544
91300,91350,15998,11672,15998,14556
91350,91400,16010,11683,16010,14568
91400,91450,16022,11694,16022,14580
91450,91500,16034,11705,16034,14592
91500,91550,16046,11716,16046,14604
91550,91600,16058,11727,16058,14616
91600,91650,16070,11738,16070,14628
91650,91700,16082,11749,16082,14640
91700,91750,16094,11760,16094,14652
91750,91800,16106,11771,16106,14664
91800,91850,16118,11782,16118,14676
91850,91900,16130,11793,16130,14688
91900,91950,16142,11804,16142,14700
91950,92000,16154,11815,16154,14712
92000,92050,16166,11826,16166,14724
92050,92100,16178,11837,16178,14736
92100,92150,16190,11848,16190,14748
92150,92200,16202,11859,16202,14760
92200,92250,16214,11870,16214,14772
92250,92300,16226,11881,16226,14784
92300,92350,16238,11892,16238,14796
92350,92400,16250,11903,16250,14808
92400,92450,16262,11914,16262,14820
92450,92500,16274,11925,16274,14832
92500,92550,16286,11936,16286,14844
92550,92600,16298,11947,16298,14856
92600,92650,16310,11958,16310,14868
92650,92700,16322,11969,16322,14880
92700,92750,16334,11980,16334,14892
92750,92800,16346,11991,16346,14904
92800,92850,16358,12002,16358,14916
92850,92900,16370,12013,16370,14928
92900,92950,16382,12024,16382,14940
92950,93000,16394,12035,16394,14952
93000,93050,16406,12046,16406,14964
93050,93100,16418,12057,16418,14976
93100,93150,16430,12068,16430,14988
93150,93200,16442,12079,16442,15000
93200,93250,16454,12090,16454,15012
93250,93300,16466,12101,16466,15024
93300,93350,16478,12112,16478,15036
93350,93400,16490,12123,16490,15048
93400,93450,16502,12134,16502,15060
93450,93500,16514,12145,16514,15072
93500,93550,16526,12156,16526,15084
93550,93600,16538,12167,16538,15096
93600,93650,16550,12178,16550,15108
93650,93700,16562,12189,16562,15120
93700,93750,16574,12200,16574,15132
93750,93800,16586,12211,16586,15144
93800,93850,16598,12222,16598,15156
93850,93900,16610,12233,16610,15168
93900,93950,16622,12244,16622,15180
93950,94000,16634,12255,16634,15192
94000,94050,16646,12266,16646,15204
94050,94100,16658,12277,16658,15216
94100,94150,16670,12288,16670,15228
94150,94200,16682,12299,16682,15240
94200,94250,16694,12310,16694,15252
94250,94300,16706,12321,16706,15264
94300,94350,16718,12332,16718,15276
94350,94400,16730,12343,16730,15288
94400,94450,16742,12354,16742,15300
94450,94500,16754,12365,16754,15312
94500,94550,16766,12376,16766,15324
94550,94600,16778,12387,16778,15336
94600,94650,16790,12398,16790,15348
94650,94700,16802,12409,16802,15360
94700,94750,16814,12420,16814,15372
94750,94800,16826,12431,16826,15384
94800,94850,16838,12442,16838,15396
94850,94900,16850,12453,16850,15408
94900,94950,16862,12464,16862,15420
94950,95000,16874,12475,16874,15432
95000,95050,16886,12486,16886,15444
95050,95100,16898,12497,16898,15456
95100,95150,16910,12508,16910,15468
95150,95200,16922,12519,16922,15480
95200,95250,16934,12530,16934,15492
95250,95300,16946,12541,16946,15504
95300,95350,16958,12552,16958,15516
95350,95400,16970,12563,16970,15528
95400,95450,16982,12574,16982,15540
95450,95500,16994,12585,16994,15552
95500,95550,17006,12596,17006,15564
95550,95600,17018,12607,17018,15576
95600,95650,17030,12618,17030,15588
95650,95700,17042,12629,17042,15600
95700,95750,17054,12640,17054,15612
95750,95800,17066,12651,17066,15624
95800,95850,17078,12662,17078,15636
95850,95900,17090,12673,17090,15648
95900,95950,17102,12684,17102,15660
95950,96000,17114,12695,17114,15672
96000,96050,17126,12706,17126,15684
96050,96100,17138,12717,17138,15696
96100,96150,17150,12728,17150,15708
96150,96200,17162,12739,17162,15720
96200,96250,17174,12750,17174,15732
96250,96300,17186,12761,17186,15744
96300,96350,17198,12772,17198,15756
96350,96400,17210,12783,17210,15768
96400,96450,17222,12794,17222,15780
96450,96500,17234,12805,17234,15792
96500,96550,17246,12816,17246,15804
96550,96600,17258,12827,17258,15816
96600,96650,17270,12838,17270,15828
96650,96700,17282,12849,17282,15840
96700,96750,17294,12860,17294,15852
96750,96800,17306,12871,17306,15864
96800,96850,17318,12882,17318,15876
96850,96900,17330,12893,17330,15888
96900,96950,17342,12904,17342,15900
96950,97000,17354,12915,17354,15912
97000,97050,17366,12926,17366,15924
97050,97100,17378,12937,17378,15936
97100,97150,17390,12948,17390,15948
97150,97200,17402,12959,17402,15960
97200,97250,17414,12970,17414,15972
97250,97300,17426,12981,17426,15984
97300,97350,17438,12992,17438,15996
97350,97400,17450,13003,17450,16008
97400,97450,17462,13014,17462,16020
97450,97500,17474,13025,17474,16032
97500,97550,17486,13036,17486,16044
97550,97600,17498,13047,17498,16056
97600,97650,17510,13058,17510,16068
97650,97700,17522,13069,17522,16080
97700,97750,17534,13080,17534,16092
97750,97800,17546,13091,17546,16104
97800,97850,17558,13102,17558,16116
97850,97900,17570,13113,17570,16128
97900,97950,17582,13124,17582,16140
97950,98000,17594,13135,17594,16152
98000,98050,17606,13146,17606,16164
98050,98100,17618,13157,17618,16176
98100,98150,17630,13168,17630,16188
98150,98200,17642,13179,17642,16200
98200,98250,17654,13190,17654,16212
98250,98300,17666,13201,17666,16224
98300,98350,17678,13212,17678,16236
98350,98400,17690,13223,17690,16248
98400,98450,17702,13234,17702,16260
98450,98500,17714,13245,17714,16272
98500,98550,17726,13256,17726,16284
98550,98600,17738,13267,17738,16296
98600,98650,17750,13278,17750,16308
98650,98700,17762,13289,17762,16320
98700,98750,17774,13300,17774,16332
98750,98800,17786,13311,17786,16344
98800,98850,17798,13322,17798,16356
98850,98900,17810,13333,17810,16368
98900,98950,17822,13344,17822,16380
98950,99000,17834,13355,17834,16392
99000,99050,17846,13366,17846,16404
99050,99100,17858,13377,17858,16416
99100,99150,17870,13388,17870,16428
99150,99200,17882,13399,17882,16440
99200,99250,17894,13410,17894,16452
99250,99300,17906,13421,17906,16464
99300,99350,17918,13432,17918,16476
99350,99400,17930,13443,17930,16488
99400,99450,17942,13454,17942,16500
99450,99500,17954,13465,17954,16512
99500,99550,17966,13476,17966,16524
99550,99600,17978,13487,17978,16536
99600,99650,17990,13498,17990,16548
99650,99700,18002,13509,18002,16560
99700,99750,18014,13520,18014,16572
99750,99800,18026,13531,18026,16584
99800,99850,18038,13542,18038,16596
99850,99900,18050,13553,18050,16608
99900,99950,18062,13564,18062,16620
99950,100000,18074,13575,18074,16632
